<?xml version="1.0" encoding="UTF-8"?>
<!DOCTYPE fontscolors PUBLIC "-//NetBeans//DTD Editor Fonts and Colors settings 1.2//EN" "http://netbeans.apache.org/dtds/EditorFontsColors-1_2.dtd">
<fontscolors>
    <fontcolor default="comment" foreColor="ff8a653b" name="javadoc-identifier"/>
    <fontcolor name="mod-public"/>
    <fontcolor default="identifier" foreColor="ffa6e22b" name="mod-interface-declaration">
        <font style="bold"/>
    </fontcolor>
    <fontcolor default="operator" name="operator"/>
    <fontcolor default="number" name="number"/>
    <fontcolor default="char" name="character"/>
    <fontcolor default="identifier" foreColor="ffe5e5df" name="mod-parameter"/>
    <fontcolor default="comment" name="javadoc-first-sentence"/>
    <fontcolor default="string" foreColor="ff9999ff" name="string-escape"/>
    <fontcolor default="keyword" name="keyword"/>
    <fontcolor default="identifier" name="identifier"/>
    <fontcolor default="field" name="mod-field"/>
    <fontcolor default="method" name="mod-method"/>
    <fontcolor default="identifier" foreColor="ff60c9e1" name="mod-interface"/>
    <fontcolor default="identifier" foreColor="ffa6e22b" name="mod-constructor-declaration"/>
    <fontcolor default="comment" foreColor="ff9999ff" name="html-tag">
        <font style="italic"/>
    </fontcolor>
    <fontcolor default="separator" name="separator"/>
    <fontcolor default="identifier" foreColor="ffe5e5df" name="mod-parameter-declaration"/>
    <fontcolor default="field" name="mod-record-component-declaration"/>
    <fontcolor name="mod-static">
        <font style="italic"/>
    </fontcolor>
    <fontcolor default="character" foreColor="ff9999ff" name="character-escape"/>
    <fontcolor default="identifier" foreColor="ffa6e22b" name="mod-class-declaration"/>
    <fontcolor default="identifier" name="mod-module"/>
    <fontcolor default="field" name="mod-field-declaration"/>
    <fontcolor name="mod-abstract"/>
    <fontcolor default="string" name="string"/>
    <fontcolor default="field" name="mod-record-component"/>
    <fontcolor bgColor="ffeedddd" name="mod-unindented-text-block"/>
    <fontcolor default="identifier" foreColor="ff60c9e1" name="mod-class"/>
    <fontcolor foreColor="gray" name="mod-unused" waveUnderlined="gray"/>
    <fontcolor default="method" foreColor="ffa6e22b" name="mod-method-declaration"/>
    <fontcolor default="identifier" foreColor="ffa6e22b" name="mod-module-declaration">
        <font style="bold"/>
    </fontcolor>
    <fontcolor default="keyword" foreColor="ffdc3973" name="keyword-directive"/>
    <fontcolor default="keyword" foreColor="ff9999ff" name="literal"/>
    <fontcolor name="mod-deprecated" strikeThrough="ffc3c3c3"/>
    <fontcolor default="identifier" foreColor="ffe5e5df" name="mod-annotation-type"/>
    <fontcolor default="identifier" name="mod-record"/>
    <fontcolor default="string" name="string-escape-invalid" waveUnderlined="red"/>
    <fontcolor default="identifier" name="mod-local-variable"/>
    <fontcolor default="keyword" name="mod-keyword"/>
    <fontcolor default="comment" foreColor="lightGray" name="javadoc-tag"/>
    <fontcolor default="identifier" name="mod-annotation-type-declaration">
        <font style="bold"/>
    </fontcolor>
    <fontcolor name="mod-protected"/>
    <fontcolor default="character" name="character-escape-invalid" waveUnderlined="red">
        <font style="italic"/>
    </fontcolor>
    <fontcolor default="identifier" name="mod-enum"/>
    <fontcolor default="identifier" name="mod-local-variable-declaration"/>
    <fontcolor name="mod-private"/>
    <fontcolor default="identifier" foreColor="ffa6e22b" name="mod-enum-declaration"/>
    <fontcolor name="mod-package-private"/>
    <fontcolor default="comment" name="comment"/>
    <fontcolor default="whitespace" name="whitespace"/>
    <fontcolor default="identifier" foreColor="ff60c9e1" name="mod-constructor"/>
</fontscolors>
