<?xml version="1.0" encoding="UTF-8"?>
<!DOCTYPE fontscolors PUBLIC "-//NetBeans//DTD Editor Fonts and Colors settings 1.2//EN" "http://netbeans.apache.org/dtds/EditorFontsColors-1_2.dtd">
<fontscolors>
    <fontcolor foreColor="ffce7b00" name="attribute-value"/>
    <fontcolor foreColor="ff0000e6" name="gtag">
        <font style="bold"/>
    </fontcolor>
    <fontcolor foreColor="ff009b00" name="attribute-name"/>
    <fontcolor default="comment" name="comment"/>
    <fontcolor foreColor="ff0000e6" name="directive">
        <font style="bold"/>
    </fontcolor>
</fontscolors>
